id,entry_price,entry_time,exit_price,exit_time,quantity,dte,strike,delta,qsci,pnl,pnl_after_fees,total_fees_paid,rolled_count,status
1,632.9647683120184,2020-12-13T00:00:00,856.241080935224,2025-12-04T18:51:41.582727,1,13.833333333333334,18800,0.5,0.292939822584786,223.27631262320563,208.69559347154458,14.58071915166104,0,CLOSED
3,656.3931064833318,2020-12-15T00:00:00,504.6064114649363,2025-12-04T18:51:41.586860,1,13.833333333333334,19500,0.5,0.4387392536497844,-151.78669501839556,-161.987951619545,10.201256601149431,0,CLOSED
2,649.0129508247754,2020-12-14T00:00:00,868.2729488819318,2025-12-04T18:51:41.589562,1,11.666666666666675,19300,0.5,0.37471038492464404,219.2599980571564,205.79534171916208,13.464656337994299,0,CLOSED
4,651.9054380941138,2020-12-16T00:00:00,871.2110196176632,2025-12-04T18:51:41.589728,1,13.666666666666668,19300,0.5,0.2317369976648991,219.30558152354934,206.43986562182042,12.865715901728924,0,CLOSED
5,733.0035836044498,2020-12-17T00:00:00,1071.7337560910053,2025-12-04T18:51:41.591306,1,13.833333333333334,21800,0.5,0.5682126547176576,338.7301724865555,318.85406344748844,19.876109039067018,0,CLOSED
6,768.6653502838393,2020-12-18T00:00:00,1143.9540077317265,2025-12-04T18:51:41.596023,1,12.500000000000005,22800,0.5,0.4021382334027951,375.2886574478872,348.49671263852156,26.79194480936567,0,CLOSED
7,778.3176449984473,2020-12-19T00:00:00,1123.569124287312,2025-12-04T18:51:41.596531,1,13.333333333333336,23100,0.5,0.42441101004989024,345.25147928886463,319.5619534207589,25.689525868105726,0,CLOSED
8,786.6891447327718,2020-12-20T00:00:00,1070.0251223975392,2025-12-04T18:51:41.598219,1,13.500000000000002,23300,0.5,0.24394811054720947,283.3359776647675,258.95003648081735,24.385941183950152,0,CLOSED
9,806.8668043524417,2020-12-21T00:00:00,179.08649505824147,2025-12-04T18:51:41.599861,1,13.666666666666668,23900,0.5,0.2960302827412913,-627.7803092942003,-641.8376012784472,14.057291984246984,0,CLOSED
10,791.2290423306043,2020-12-25T00:00:00,1327.7321537195878,2025-12-04T18:51:41.608740,1,13.666666666666668,23500,0.5,0.2820538052660988,536.5031113889835,508.2871044526228,28.216006936360642,0,CLOSED
11,839.3668506161507,2020-12-26T00:00:00,1203.6075757248536,2025-12-04T18:51:41.612123,1,13.500000000000002,24900,0.5,0.44076957069021994,364.2407251087029,337.71613686715824,26.52458824154467,0,CLOSED
12,895.245027618376,2020-12-27T00:00:00,1414.1463585441506,2025-12-04T18:51:41.614034,1,13.833333333333334,26600,0.5,0.544185426956838,518.9013309257747,489.05885453652354,29.84247638925116,0,CLOSED
13,919.0874928696072,2020-12-28T00:00:00,697.7961771532716,2025-12-04T18:51:41.617240,1,13.666666666666668,27300,0.5,0.3466488010151737,-221.2913157163356,-248.20756642784693,26.916250711511324,0,CLOSED
14,945.7038345422264,2020-12-30T00:00:00,1283.0760095869803,2025-12-04T18:51:41.623059,1,13.333333333333336,28100,0.5,0.3337095932829679,337.3721750447538,304.06751392545794,33.304661119295865,0,CLOSED
15,978.0003553736567,2020-12-31T00:00:00,1352.0592112549666,2025-12-04T18:51:41.629032,1,11.833333333333341,29000,0.5,0.45728742234086184,374.0588558813099,341.8492179319965,32.20963794931339,0,CLOSED
16,986.5726848391702,2021-01-01T00:00:00,2181.3532492580443,2025-12-04T18:51:41.630018,1,12.500000000000005,29300,0.5,0.4152137319499394,1194.7805644188743,1151.3413902148347,43.43917420403955,0,CLOSED
17,989.0510450285902,2021-01-02T00:00:00,2133.8588333690304,2025-12-04T18:51:41.630179,1,13.500000000000002,29400,0.5,0.31612368264925,1144.8077883404403,1103.2182214912161,41.58956684922429,0,CLOSED
18,1097.6177107185533,2021-01-03T00:00:00,2022.8394392343614,2025-12-04T18:51:41.631597,1,13.833333333333334,32600,0.5,0.3970208233663005,925.2217285158081,873.6297722693797,51.59195624642838,0,CLOSED
19,1128.9987040673661,2021-01-04T00:00:00,412.42747659453795,2025-12-04T18:51:41.634232,1,13.833333333333334,33500,0.5,0.3006850603877139,-716.5712274728282,-746.2998800482936,29.728652575465443,0,CLOSED
20,1149.6353067975713,2021-01-06T00:00:00,1557.8703395537555,2025-12-04T18:51:41.640095,1,13.666666666666668,34100,0.5,0.2542105086647337,408.2350327561842,347.7280963957351,60.50693636044906,0,CLOSED
21,1262.0760319161907,2021-01-07T00:00:00,940.8736101164657,2025-12-04T18:51:41.642616,1,13.833333333333334,37500,0.5,0.5065219174951227,-321.202421799725,-368.13271743354665,46.93029563382165,0,CLOSED
22,1292.1539907507288,2021-01-08T00:00:00,2784.4024709669497,2025-12-04T18:51:41.645950,1,13.666666666666668,38300,0.5,0.30441877348686974,1492.248480216221,1394.9024101629461,97.34607005327487,0,CLOSED
23,1354.980337311872,2021-01-09T00:00:00,844.599975183456,2025-12-04T18:51:41.652272,1,12.666666666666671,40200,0.5,0.2760390921560362,-510.3803621284161,-562.5972293992135,52.21686727079737,0,CLOSED
24,1358.5201298053948,2021-01-10T00:00:00,798.1856533201234,2025-12-04T18:51:41.652501,1,13.666666666666668,40300,0.5,0.2413916975840987,-560.3344764852715,-608.0782640458161,47.743787560544675,0,CLOSED
25,1248.2824664024017,2021-01-14T00:00:00,1846.3468228209615,2025-12-04T18:51:41.659721,1,13.833333333333334,37000,0.5,0.2699821701739648,598.0643564185598,509.7162019695156,88.34815444904419,0,CLOSED
26,1304.0454021830385,2021-01-15T00:00:00,1007.3126264821308,2025-12-04T18:51:41.662825,1,13.666666666666668,38700,0.5,0.2580138933750781,-296.7327757009077,-354.03884041328735,57.3060647123796,0,CLOSED
27,1131.1222426008433,2021-01-25T00:00:00,1559.2584487335482,2025-12-04T18:51:41.682792,1,13.500000000000002,33600,0.5,0.24122884643389042,428.13620613270496,376.39304213543727,51.74316399726768,0,CLOSED
28,1226.6609218865165,2021-02-03T00:00:00,1834.9828280814252,2025-12-04T18:51:41.702407,1,13.16666666666667,36400,0.5,0.39886859892328863,608.3219061949087,559.7195298905847,48.60237630432401,0,CLOSED
29,1263.5687763946585,2021-02-04T00:00:00,794.5453117070927,2025-12-04T18:51:41.703912,1,13.500000000000002,37500,0.5,0.3584223829408638,-469.0234646875658,-501.4186232546325,32.3951585670667,0,CLOSED
30,1327.1185817357728,2021-02-06T00:00:00,2058.2979367067846,2025-12-04T18:51:41.707686,1,13.500000000000002,39400,0.5,0.39879672493180096,731.1793549710119,683.4322636181275,47.74709135288434,0,CLOSED
31,1570.2293736300396,2021-02-09T00:00:00,445.3054546668255,2025-12-04T18:51:41.717047,1,12.500000000000005,46600,0.5,0.5148140323697067,-1124.9239189632142,-1164.1693076794893,39.24538871627509,0,CLOSED
32,1557.477359624816,2021-02-10T00:00:00,632.6092790679345,2025-12-04T18:51:41.717297,1,13.500000000000002,46200,0.5,0.33612711654361627,-924.8680805568815,-967.5829436245143,42.71486306763279,0,CLOSED
33,1611.6660059690191,2021-02-13T00:00:00,1208.0861591814091,2025-12-04T18:51:41.723888,1,13.833333333333334,47800,0.5,0.30510539863895847,-403.57984678761,-449.94542356393777,46.36557677632776,0,CLOSED
34,1592.7283688506498,2021-02-14T00:00:00,2303.905391240822,2025-12-04T18:51:41.726633,1,13.833333333333334,47300,0.5,0.24538579652712447,711.1770223901724,653.7642394393688,57.41278295080366,0,CLOSED
35,1672.1443968809606,2021-02-16T00:00:00,1139.3206195153643,2025-12-04T18:51:41.733281,1,13.333333333333336,49600,0.5,0.37446942423324736,-532.8237773655962,-575.9908551998514,43.167077834255096,0,CLOSED
36,1673.2681672727642,2021-02-17T00:00:00,2377.9770618026187,2025-12-04T18:51:41.734434,1,13.833333333333334,49700,0.5,0.35641702996977054,704.7088945298544,642.9248327978556,61.784061731998776,0,CLOSED
37,1753.3055544042704,2021-02-18T00:00:00,1374.1883189552816,2025-12-04T18:51:41.738059,1,13.000000000000004,52000,0.5,0.3878047501058467,-379.1172354489888,-421.03046202821236,41.91322657922356,0,CLOSED
38,1877.0864200823385,2021-02-20T00:00:00,2512.9427197596356,2025-12-04T18:51:41.741538,1,13.333333333333336,55700,0.5,0.4282681328369552,635.8562996772971,578.7129112539035,57.143388423393574,0,CLOSED
39,1904.0147891561,2021-02-21T00:00:00,2688.601420391004,2025-12-04T18:51:41.744677,1,13.333333333333336,56500,0.5,0.24274765651754973,784.586631234904,720.7836211600959,63.80301007480812,0,CLOSED
40,1650.266086836273,2021-03-02T00:00:00,882.490750577019,2025-12-04T18:51:41.765679,1,13.333333333333336,49000,0.5,0.23065019068677586,-767.775336259254,-817.6320654895696,49.85672923031567,0,CLOSED
41,1641.168095658252,2021-03-03T00:00:00,3122.9141925522176,2025-12-04T18:51:41.767114,1,13.666666666666668,48700,0.5,0.21756181450468304,1481.7460968939656,1399.2845468084108,82.4615500855548,0,CLOSED
42,1704.9800579303476,2021-03-08T00:00:00,1281.076770358121,2025-12-04T18:51:41.778322,1,13.833333333333334,50600,0.5,0.22670173165265414,-423.90328757222665,-468.79613714716737,44.892849574940726,0,CLOSED
44,1801.6650841044514,2021-03-10T00:00:00,2479.2871936737133,2025-12-04T18:51:41.785038,1,13.666666666666668,53500,0.5,0.26051963159611735,677.622109569262,617.8069205452852,59.815189023976814,0,CLOSED
43,1814.2277251081175,2021-03-09T00:00:00,3076.9623377527846,2025-12-04T18:51:41.785672,1,12.500000000000005,53800,0.5,0.4631943369171696,1262.734612644667,1194.8480706292682,67.88654201539883,0,CLOSED
45,1886.7414104980364,2021-03-11T00:00:00,1402.156084323689,2025-12-04T18:51:41.787631,1,13.833333333333334,56000,0.5,0.28681874560943355,-484.58532617434753,-530.2217320948499,45.636405920502426,0,CLOSED
46,1924.1971662526773,2021-03-12T00:00:00,3297.309613678407,2025-12-04T18:51:41.792967,1,12.666666666666671,57100,0.5,0.2640432604842221,1373.1124474257297,1300.3939370187945,72.71851040693512,0,CLOSED
47,2067.478396651607,2021-03-14T00:00:00,1613.0299717954824,2025-12-04T18:51:41.795125,1,13.833333333333334,61400,0.5,0.4558707847513569,-454.4484248561246,-502.1941196810622,47.74569482493763,0,CLOSED
48,2034.5800605518823,2021-03-15T00:00:00,727.6746243926082,2025-12-04T18:51:41.797524,1,13.833333333333334,60400,0.5,0.2653653868465472,-1306.9054361592741,-1344.7149319751518,37.80949581587766,0,CLOSED
49,1978.3861495595168,2021-03-18T00:00:00,1273.486491999644,2025-12-04T18:51:41.806704,1,13.333333333333336,58700,0.5,0.2057001786829141,-704.8996575598728,-756.0173467507565,51.11768919088367,0,CLOSED
50,1946.964720694357,2021-03-19T00:00:00,2666.3883471172066,2025-12-04T18:51:41.811988,1,12.666666666666671,57800,0.5,0.20896724236989722,719.4236264228496,654.4662178441113,64.95740857873831,0,CLOSED
51,1888.7446533703824,2021-03-28T00:00:00,1441.3702409415675,2025-12-04T18:51:41.829160,1,13.333333333333336,56100,0.5,0.306833548296199,-447.3744124288148,-488.2905306182288,40.916118189413936,0,CLOSED
52,1974.8918470218834,2021-03-31T00:00:00,2607.895779277343,2025-12-04T18:51:41.841868,1,12.000000000000007,58600,0.5,0.21598338724145455,633.0039322554596,583.5534787624022,49.45045349305748,0,CLOSED
54,2017.3882268517846,2021-04-02T00:00:00,1490.5528106838474,2025-12-04T18:51:41.844811,1,13.333333333333336,59900,0.5,0.2900703652062132,-526.8354161679372,-564.0923506378234,37.256934469886275,0,CLOSED
53,1992.09008301207,2021-04-01T00:00:00,966.0968777609597,2025-12-04T18:51:41.848527,1,11.166666666666677,59100,0.5,0.2624400878437336,-1025.9932052511103,-1058.3400044885889,32.346799237478535,0,CLOSED
55,1995.8128462170614,2021-04-10T00:00:00,2634.233492122295,2025-12-04T18:51:41.863715,1,13.833333333333334,59200,0.5,0.4366046873202425,638.4206459052336,593.2280635493362,45.19258235589744,0,CLOSED
56,2030.825959821722,2021-04-11T00:00:00,3349.9880683710485,2025-12-04T18:51:41.874747,1,11.666666666666675,60300,0.5,0.28372029033878865,1319.1621085493264,1265.8293555379066,53.332753011419726,0,CLOSED
57,2034.2083907641284,2021-04-12T00:00:00,3303.444216697355,2025-12-04T18:51:41.874982,1,12.666666666666671,60400,0.5,0.3355503794000939,1269.2358259332266,1218.100108825796,51.13571710743045,0,CLOSED
58,2038.402564697196,2021-04-13T00:00:00,3257.702814839721,2025-12-04T18:51:41.875198,1,13.666666666666668,60500,0.5,0.3209675095724579,1219.300250142525,1168.3723449495917,50.92790519293339,0,CLOSED
59,2148.109511948138,2021-04-14T00:00:00,1371.1812832136127,2025-12-04T18:51:41.879080,1,13.333333333333336,63700,0.5,0.4448143025950906,-776.9282287345252,-813.4175199613431,36.489291226818,0,CLOSED
60,2124.772153688605,2021-04-15T00:00:00,1280.2252412305372,2025-12-04T18:51:41.882608,1,12.833333333333337,63100,0.5,0.22792795962292686,-844.5469124580679,-882.964305790343,38.417393332275104,0,CLOSED
61,1765.6501805823004,2021-04-26T00:00:00,2363.262382461818,2025-12-04T18:51:41.905404,1,13.666666666666668,52400,0.5,0.21080943555178516,597.6122018795177,527.1332541668477,70.47894771266998,0,CLOSED
62,1801.4123621272845,2021-04-27T00:00:00,2626.020268387114,2025-12-04T18:51:41.908262,1,13.666666666666668,53500,0.5,0.20707838496372474,824.6079062598294,757.2073064534701,67.40059980635934,0,CLOSED
63,1960.4038015148394,2021-05-01T00:00:00,1536.919404130616,2025-12-04T18:51:41.915476,1,13.500000000000002,58200,0.5,0.47872754911748083,-423.4843973842235,-467.03009954069745,43.545702156473986,0,CLOSED
64,1902.1604837689654,2021-05-02T00:00:00,2613.3140492192965,2025-12-04T18:51:41.918471,1,13.000000000000004,56500,0.5,0.23949347184875933,711.1535654503311,658.7696454090371,52.38392004129399,0,CLOSED
65,1951.8830273326682,2021-05-03T00:00:00,726.198397477371,2025-12-04T18:51:41.920663,1,13.000000000000004,57900,0.5,0.35005108083969305,-1225.6846298552973,-1256.9361957609858,31.251565905688462,0,CLOSED
67,1975.7056117883624,2021-05-09T00:00:00,1363.711784564078,2025-12-04T18:51:41.934214,1,13.500000000000002,58600,0.5,0.2336419916437751,-611.9938272242844,-656.030264763308,44.03643753902364,0,CLOSED
66,1957.7522425304007,2021-05-08T00:00:00,1539.3830509730142,2025-12-04T18:51:41.934872,1,12.33333333333334,58100,0.5,0.31630486062742624,-418.36919155738656,-464.97434412731036,46.60515256992381,0,CLOSED
68,2000.1010327256358,2021-05-10T00:00:00,1483.399511195644,2025-12-04T18:51:41.936424,1,13.833333333333334,59400,0.5,0.2938163603270654,-516.7015215299919,-560.6681440928998,43.9666225629079,0,CLOSED
69,1331.136524210096,2021-05-26T00:00:00,1802.8461627704319,2025-12-04T18:51:41.969059,1,13.833333333333334,39500,0.5,0.21104087511125846,471.70963856033586,385.78745147560414,85.92218708473169,0,CLOSED
70,1361.4928141821542,2021-06-15T00:00:00,700.2371936226372,2025-12-04T18:51:42.014720,1,12.666666666666671,40400,0.5,0.2884050061697602,-661.2556205595171,-692.9024985462075,31.64687798669052,0,CLOSED
71,1181.1237912273389,2021-06-25T00:00:00,771.9816291296534,2025-12-04T18:51:42.032606,1,13.833333333333334,35100,0.5,0.2874266812991596,-409.1421620976855,-446.5050096966602,37.362847598974696,0,CLOSED
72,1160.766193559926,2021-07-12T00:00:00,724.7269904158779,2025-12-04T18:51:42.075274,1,13.666666666666668,34400,0.5,0.2160811850664689,-436.0392031440481,-455.1540722688539,19.114869124805793,0,CLOSED
73,1098.3115167865365,2021-07-23T00:00:00,1614.358625550108,2025-12-04T18:51:42.103103,1,13.16666666666667,32600,0.5,0.26212226211316214,516.0471087635715,486.63491185252457,29.412196911046895,0,CLOSED
74,1134.5525222375936,2021-07-24T00:00:00,1631.2617395053837,2025-12-04T18:51:42.106399,1,12.833333333333337,33700,0.5,0.3675074894152901,496.7092172677901,468.5395556215559,28.169661646234218,0,CLOSED
75,1151.0930071618723,2021-07-25T00:00:00,1740.5593050117618,2025-12-04T18:51:42.108066,1,13.16666666666667,34200,0.5,0.259768977577463,589.4662978498895,560.2998269816848,29.166470868204833,0,CLOSED
76,1290.027082590889,2021-07-26T00:00:00,1821.4344318943145,2025-12-04T18:51:42.110036,1,13.333333333333336,38300,0.5,0.45648913800257396,531.4073493034255,487.90217267419007,43.505176629235386,0,CLOSED
77,1341.7029985567767,2021-07-28T00:00:00,1815.9208835238653,2025-12-04T18:51:42.113323,1,13.666666666666668,39800,0.5,0.4113232296453534,474.2178849670886,423.881476678351,50.33640828873756,0,CLOSED
78,1346.8393200207242,2021-07-30T00:00:00,666.870429091745,2025-12-04T18:51:42.117939,1,13.666666666666668,40000,0.5,0.22333689126923134,-679.9688909289792,-709.6081495348104,29.63925860583121,0,CLOSED
80,1429.905327326603,2021-08-01T00:00:00,1079.257698881744,2025-12-04T18:51:42.122840,1,13.833333333333334,42400,0.5,0.3801089484319359,-350.6476284448588,-384.22943087414,33.58180242928118,0,CLOSED
79,1408.8411190110303,2021-07-31T00:00:00,430.2455823847955,2025-12-04T18:51:42.124531,1,12.166666666666673,41800,0.5,0.37344787812749847,-978.5955366262348,-1005.3137726836745,26.718236057439785,0,CLOSED
81,1355.245863869216,2021-08-06T00:00:00,2354.0399040419657,2025-12-04T18:51:42.136541,1,13.500000000000002,40200,0.5,0.3358704620373869,998.7940401727496,945.1093164933188,53.68472367943076,0,CLOSED
82,1472.252432708657,2021-08-07T00:00:00,2023.1469300643798,2025-12-04T18:51:42.141944,1,12.833333333333337,43700,0.5,0.5116562853039275,550.8944973557229,502.3117877755934,48.58270958012954,0,CLOSED
83,1493.4999486983347,2021-08-08T00:00:00,1090.1691257802102,2025-12-04T18:51:42.144814,1,13.000000000000004,44300,0.5,0.39025074389400993,-403.33082291812457,-440.04235124618145,36.711528328056865,0,CLOSED
84,1540.2144268084753,2021-08-10T00:00:00,1064.9979513490428,2025-12-04T18:51:42.153333,1,11.666666666666675,45700,0.5,0.23058218775787706,-475.21647545943256,-510.27084331210295,35.054367852670396,0,CLOSED
85,1536.06641675657,2021-08-11T00:00:00,1110.9130639018235,2025-12-04T18:51:42.153626,1,12.666666666666671,45600,0.5,0.29621431388567376,-425.1533528547466,-458.91221899920686,33.75886614446026,0,CLOSED
86,1579.5059550052588,2021-08-15T00:00:00,999.5599818807327,2025-12-04T18:51:42.160833,1,13.833333333333334,46900,0.5,0.23377146082894135,-579.9459731245261,-608.7403033892189,28.794330264692793,0,CLOSED
87,1595.7748480447422,2021-08-16T00:00:00,1066.3500515739524,2025-12-04T18:51:42.164625,1,13.500000000000002,47400,0.5,0.36209420727879504,-529.4247964707897,-559.8838995983066,30.459103127516826,0,CLOSED
88,1585.5689237188194,2021-08-20T00:00:00,2393.339186314027,2025-12-04T18:51:42.174872,1,13.500000000000002,47100,0.5,0.23191714529641108,807.7702625952074,760.8394705631051,46.930792032102346,0,CLOSED
89,1645.3268885145162,2021-08-21T00:00:00,2373.7583991126926,2025-12-04T18:51:42.181086,1,12.000000000000007,48800,0.5,0.4062503434088677,728.4315105981764,685.5031649694613,42.92834562871505,0,CLOSED
90,1644.0407021320532,2021-08-22T00:00:00,2372.535501587577,2025-12-04T18:51:42.181286,1,13.000000000000004,48800,0.5,0.21043525371774568,728.4947994555239,686.68119943654,41.813600018983834,0,CLOSED
91,1693.5742096568351,2021-08-23T00:00:00,1311.0266549135279,2025-12-04T18:51:42.182461,1,13.500000000000002,50300,0.5,0.3746746249835742,-382.5475547433073,-413.3748916839812,30.82733694067396,0,CLOSED
92,1670.028608488116,2021-09-02T00:00:00,2210.584854359981,2025-12-04T18:51:42.216770,1,10.333333333333346,49600,0.5,0.24383124255061203,540.5562458718648,504.8764925062663,35.679753365598515,0,CLOSED
93,1667.184306875758,2021-09-03T00:00:00,2257.8230958795125,2025-12-04T18:51:42.217080,1,11.333333333333343,49500,0.5,0.2639996754831243,590.6387890037545,554.5572079376454,36.08158106610904,0,CLOSED
94,1694.161535531772,2021-09-04T00:00:00,2420.996744510385,2025-12-04T18:51:42.217830,1,12.166666666666673,50300,0.5,0.29789849561514625,726.8352089786129,688.9308669076707,37.904342070942064,0,CLOSED
96,1774.2484561708027,2021-09-07T00:00:00,893.4084257045895,2025-12-04T18:51:42.223014,1,13.666666666666668,52700,0.5,0.3997789734281769,-880.8400304662132,-904.1110506985608,23.271020232347574,0,CLOSED
95,1738.568493509057,2021-09-06T00:00:00,0.001,2025-12-04T18:51:42.223655,1,12.500000000000005,51600,0.5,0.344846795467296,-1738.567493509057,-1753.4297350827585,14.862241573701473,0,CLOSED
97,1586.267784226346,2021-09-15T00:00:00,2178.838784643562,2025-12-04T18:51:42.241130,1,13.500000000000002,47100,0.5,0.34079520640734173,592.571000417216,551.6417612406647,40.92923917655138,0,CLOSED
98,1604.4502880769396,2021-09-16T00:00:00,2113.9079671062477,2025-12-04T18:51:42.248556,1,11.833333333333341,47600,0.5,0.29315990485636634,509.4576790293081,471.9730799595883,37.48459906971981,0,CLOSED
99,1614.0452991433897,2021-09-17T00:00:00,433.8422113784687,2025-12-04T18:51:42.254570,1,11.00000000000001,47900,0.5,0.3059881418797333,-1180.203087764921,-1201.3708138469162,21.16772608199515,0,CLOSED
100,1492.1726528742524,2021-09-24T00:00:00,104.63565209538058,2025-12-04T18:51:42.265659,1,13.666666666666668,44300,0.5,0.29482836354102776,-1387.537000778872,-1409.9327616638727,22.395760885000687,0,CLOSED
101,1470.3630832073545,2021-10-01T00:00:00,2063.2662365495685,2025-12-04T18:51:42.278367,1,13.833333333333334,43600,0.5,0.2762834655027582,592.903153342214,548.5142493709312,44.38890397128269,0,CLOSED
102,1601.2747521931738,2021-10-02T00:00:00,2237.146422278152,2025-12-04T18:51:42.284207,1,12.33333333333334,47500,0.5,0.37291927229256105,635.8716700849782,592.5855303778736,43.28613970710454,0,CLOSED
103,1614.0058745149515,2021-10-03T00:00:00,2352.489336332932,2025-12-04T18:51:42.286595,1,12.33333333333334,47900,0.5,0.3381758142751148,738.4834618179805,694.1639970519777,44.31946476600268,0,CLOSED
104,1661.4508876204236,2021-10-05T00:00:00,2605.013618651472,2025-12-04T18:51:42.289501,1,13.333333333333336,49300,0.5,0.3554523855598455,943.5627310310483,896.6914576264786,46.871273404569706,0,CLOSED
105,1735.822921949112,2021-10-06T00:00:00,3476.422601546405,2025-12-04T18:51:42.292106,1,13.500000000000002,51500,0.5,0.5267769900826419,1740.599679597293,1680.22579340214,60.37388619515302,0,CLOSED
106,1846.9238836261086,2021-10-07T00:00:00,1395.2483020096572,2025-12-04T18:51:42.295240,1,13.500000000000002,54800,0.5,0.48705652790041953,-451.6755816164514,-489.8346011608182,38.159019544366785,0,CLOSED
107,1813.3718400121113,2021-10-08T00:00:00,2533.1098179527175,2025-12-04T18:51:42.297779,1,13.666666666666668,53800,0.5,0.22072886793832786,719.7379779406062,669.9541656933843,49.78381224722191,0,CLOSED
108,1854.9506705835768,2021-10-10T00:00:00,2606.7946959730625,2025-12-04T18:51:42.305394,1,13.000000000000004,55000,0.5,0.23018109636583564,751.8440253894858,702.6421538701792,49.201871519306536,0,CLOSED
109,1904.0778011690736,2021-10-11T00:00:00,1317.1686986330487,2025-12-04T18:51:42.310727,1,12.33333333333334,56500,0.5,0.3324651321342629,-586.9091025360249,-623.9567195847909,37.04761704876604,0,CLOSED
110,2002.626567684127,2021-10-15T00:00:00,3023.9821950983737,2025-12-04T18:51:42.317257,1,13.333333333333336,59400,0.5,0.41350192564387955,1021.3556274142468,962.2343199474262,59.12130746682059,0,CLOSED
111,2077.576492933938,2021-10-16T00:00:00,1390.423590706523,2025-12-04T18:51:42.320599,1,12.833333333333337,61700,0.5,0.4763596530743014,-687.1529022274149,-726.2483910367459,39.09548880933111,0,CLOSED
113,2093.3423007575407,2021-10-18T00:00:00,1507.9821896896528,2025-12-04T18:51:42.323581,1,13.666666666666668,62100,0.5,0.3641262501332374,-585.3601110678878,-625.5911842860096,40.231073218121736,0,CLOSED
112,2059.3757931009886,2021-10-17T00:00:00,2801.8363859743645,2025-12-04T18:51:42.325789,1,12.000000000000007,61100,0.5,0.2505908458424636,742.4605928733758,687.4890592113398,54.97153366203598,0,CLOSED
114,2109.010726379274,2021-10-19T00:00:00,2895.6738585777366,2025-12-04T18:51:42.328071,1,13.333333333333336,62600,0.5,0.3048366291306772,786.6631321984628,727.8676780190149,58.7954541794479,0,CLOSED
115,2151.326831198795,2021-10-20T00:00:00,3687.3401101299205,2025-12-04T18:51:42.330719,1,13.500000000000002,63800,0.5,0.36064722858149356,1536.0132789311256,1470.5888708701493,65.42440806097622,0,CLOSED
116,2192.5828515647595,2021-10-21T00:00:00,1126.217145737294,2025-12-04T18:51:42.333666,1,13.500000000000002,65100,0.5,0.2335303272886434,-1066.3657058274655,-1106.6975650589545,40.33185923148914,0,CLOSED
117,2114.710786333622,2021-10-26T00:00:00,877.2058935892335,2025-12-04T18:51:42.347240,1,13.16666666666667,62800,0.5,0.27684821145727834,-1237.5048927443884,-1268.4984260449953,30.99353330060695,0,CLOSED
118,2078.383855410328,2021-10-30T00:00:00,1460.3505597454696,2025-12-04T18:51:42.356578,1,12.666666666666671,61700,0.5,0.21835702527804535,-618.0332956648585,-658.7786308083225,40.745335143463976,0,CLOSED
119,2078.9866815665314,2021-10-31T00:00:00,1461.0254139742601,2025-12-04T18:51:42.356809,1,13.666666666666668,61700,0.5,0.26376372461904807,-617.9612675922713,-656.1809519991176,38.2196844068463,0,CLOSED
120,2129.954639033715,2021-11-03T00:00:00,1623.0277446945486,2025-12-04T18:51:42.364993,1,13.500000000000002,63200,0.5,0.21540226683704855,-506.92689433916644,-546.7990736239283,39.8721792847619,0,CLOSED
121,2196.996051211372,2021-11-08T00:00:00,3357.920780761437,2025-12-04T18:51:42.378154,1,13.16666666666667,65200,0.5,0.464069540155842,1160.924729550065,1109.3899555861963,51.53477396386869,0,CLOSED
122,2307.8570954913775,2021-11-09T00:00:00,1441.3280667148517,2025-12-04T18:51:42.380804,1,13.500000000000002,68500,0.5,0.5541082301339746,-866.5290287765258,-902.7568022882606,36.227773511734796,0,CLOSED
123,2240.3712295965424,2021-11-10T00:00:00,3162.6710367159576,2025-12-04T18:51:42.382980,1,13.500000000000002,66500,0.5,0.21355078544714481,922.2998071194152,868.6675359199807,53.632271199434534,0,CLOSED
124,2214.2707777199807,2021-11-15T00:00:00,1506.3521756561702,2025-12-04T18:51:42.395607,1,13.500000000000002,65700,0.5,0.34654102742245385,-707.9186020638106,-743.4334539227118,35.51485185890127,0,CLOSED
125,1716.65716112602,2021-12-07T00:00:00,1320.5292367518127,2025-12-04T18:51:42.444609,1,13.000000000000004,50900,0.5,0.21354656244141484,-396.12792437420717,-444.6400767498002,48.51215237559304,0,CLOSED
126,1645.038111535273,2021-12-16T00:00:00,1176.5474299499451,2025-12-04T18:51:42.461615,1,13.333333333333336,48800,0.5,0.24241778844009218,-468.4906815853278,-506.0796347268554,37.58895314152753,0,CLOSED
127,1659.5072871346892,2021-12-22T00:00:00,1122.7709967159874,2025-12-04T18:51:42.478608,1,12.833333333333337,49200,0.5,0.26788106773224296,-536.7362904187019,-565.7781442092665,29.04185379056474,0,CLOSED
128,1719.5199956833703,2021-12-24T00:00:00,1055.6569834168379,2025-12-04T18:51:42.485191,1,12.000000000000007,51000,0.5,0.4203946449356347,-663.8630122665325,-690.9769543415752,27.113942075042658,0,CLOSED
129,1713.2575450891657,2021-12-25T00:00:00,1149.4620319059366,2025-12-04T18:51:42.485433,1,13.000000000000004,50800,0.5,0.22108074827399107,-563.7955131832291,-590.6517315319642,26.856218348735062,0,CLOSED
130,1259.8952097345555,2022-01-26T00:00:00,963.4109740986831,2025-12-04T18:51:42.552251,1,13.16666666666667,37400,0.5,0.30387249086512125,-296.4842356358723,-334.25259421948874,37.76835858361639,0,CLOSED
131,1396.6376801775775,2022-02-05T00:00:00,1885.745841401418,2025-12-04T18:51:42.574670,1,12.166666666666673,41400,0.5,0.44472367513301403,489.1081612238404,453.0054000790557,36.102761144784736,0,CLOSED
132,1396.5092974131767,2022-02-06T00:00:00,1885.6692605819474,2025-12-04T18:51:42.574901,1,13.16666666666667,41400,0.5,0.2779999799085643,489.1599631687707,455.2973553745254,33.86260779424527,0,CLOSED
133,1442.839975080659,2022-02-07T00:00:00,1959.3344511479572,2025-12-04T18:51:42.577130,1,13.500000000000002,42800,0.5,0.41715006331434545,516.4944760672981,481.24312655931203,35.25134950798611,0,CLOSED
134,1488.6527411762668,2022-02-08T00:00:00,1101.961733918624,2025-12-04T18:51:42.580217,1,13.500000000000002,44200,0.5,0.37749628472895913,-386.6910072576427,-414.5883450724374,27.89733781479469,0,CLOSED
135,1468.0707263931292,2022-02-15T00:00:00,1939.159006556433,2025-12-04T18:51:42.595615,1,13.16666666666667,43600,0.5,0.3373736652152712,471.0882801633038,436.5800616002355,34.50821856306826,0,CLOSED
136,1481.6671687647274,2022-02-16T00:00:00,1062.309808495665,2025-12-04T18:51:42.599619,1,12.666666666666671,44000,0.5,0.253661817644001,-419.3573602690624,-444.2489732517135,24.891612982651097,0,CLOSED
137,1327.3069438494215,2022-02-26T00:00:00,929.4902275401067,2025-12-04T18:51:42.623004,1,13.000000000000004,39400,0.5,0.219686983970771,-397.81671630931476,-431.61045975468807,33.793743445373295,0,CLOSED
138,1453.9166108585819,2022-03-01T00:00:00,2113.194661070975,2025-12-04T18:51:42.628408,1,13.16666666666667,43100,0.5,0.494348704106756,659.2780502123933,605.9598291548014,53.318221057591884,0,CLOSED
139,1493.5750913662125,2022-03-02T00:00:00,995.0868037451863,2025-12-04T18:51:42.631055,1,13.000000000000004,44300,0.5,0.484536988145824,-498.4882876210262,-533.7958116735988,35.30752405257266,0,CLOSED
140,1382.0424805522146,2022-03-17T00:00:00,1075.9561343014811,2025-12-04T18:51:42.664561,1,12.666666666666671,41000,0.5,0.28600559214637866,-306.0863462507334,-335.44045975849144,29.354113507758008,0,CLOSED
141,1408.2901851008057,2022-03-19T00:00:00,923.4075952258307,2025-12-04T18:51:42.671462,1,12.000000000000007,41800,0.5,0.23782232473330378,-484.882589874975,-507.8901682637155,23.007578388740487,0,CLOSED
142,1439.2641275850606,2022-03-24T00:00:00,2087.976741337816,2025-12-04T18:51:42.679523,1,13.500000000000002,42700,0.5,0.21000979837722417,648.7126137527553,615.2873686069811,33.42524514577416,0,CLOSED
143,1481.5627103474988,2022-03-25T00:00:00,2894.026030434937,2025-12-04T18:51:42.691867,1,11.166666666666677,44000,0.5,0.31919654206393633,1412.4633200874384,1376.4511996027234,36.012120484715126,0,CLOSED
144,1495.9129381363275,2022-03-26T00:00:00,2708.4081135938195,2025-12-04T18:51:42.692094,1,12.166666666666673,44400,0.5,0.22050740339747132,1212.495175457492,1178.3564484922254,34.13872696526661,0,CLOSED
145,1506.6613723065695,2022-03-27T00:00:00,2569.1914459450263,2025-12-04T18:51:42.692304,1,13.16666666666667,44700,0.5,0.3435270071210855,1062.5300736384568,1031.2447588371665,31.285314801290284,0,CLOSED
147,1595.014660337423,2022-03-29T00:00:00,1170.3569512534405,2025-12-04T18:51:42.704918,1,11.500000000000009,47300,0.5,0.3191592182267404,-424.6577090839826,-448.1676207539292,23.50991166994663,0,CLOSED
148,1598.3977652051017,2022-03-30T00:00:00,1123.8021505400427,2025-12-04T18:51:42.705283,1,12.500000000000005,47400,0.5,0.22712395465246563,-474.595614665059,-498.05661948909216,23.461004824033164,0,CLOSED
146,1585.3889856710764,2022-03-28T00:00:00,874.7444453584627,2025-12-04T18:51:42.705860,1,10.333333333333346,47000,0.5,0.48335412484646356,-710.6445403126137,-731.1864814728402,20.54194116022656,0,CLOSED
149,1394.5582837494455,2022-04-20T00:00:00,1913.2609606526041,2025-12-04T18:51:42.754244,1,12.666666666666671,41400,0.5,0.2022065021900356,518.7026769031586,490.46245359327213,28.240223309886446,0,CLOSED
150,1365.8878178464108,2022-04-26T00:00:00,396.6498727640669,2025-12-04T18:51:42.766278,1,13.500000000000002,40500,0.5,0.2225559640365421,-969.2379450823439,-986.364942666773,17.12699758442906,0,CLOSED
151,1338.7326729184715,2022-05-05T00:00:00,0.001,2025-12-04T18:51:42.787797,1,13.500000000000002,39700,0.5,0.21993402956731525,-1338.7316729184715,-1350.3988137137912,11.66714079531981,0,CLOSED
152,1022.785048466148,2022-05-30T00:00:00,1688.97518817659,2025-12-04T18:51:42.845632,1,13.16666666666667,30400,0.5,0.27021056945038013,666.190139710442,639.923125606734,26.26701410370807,0,CLOSED
153,1070.6253187439095,2022-05-31T00:00:00,540.9227612886605,2025-12-04T18:51:42.851519,1,12.500000000000005,31800,0.5,0.46591563790150337,-529.702557455249,-545.9847037626432,16.282146307394196,0,CLOSED
154,1065.7218384615921,2022-06-01T00:00:00,636.0578419483079,2025-12-04T18:51:42.851760,1,13.500000000000002,31600,0.5,0.24544321485797663,-429.66399651328425,-446.8821748128718,17.21817829958759,0,CLOSED
155,694.6161261606524,2022-06-21T00:00:00,954.1380271287184,2025-12-04T18:51:42.895099,1,13.833333333333334,20600,0.5,0.20560546522591028,259.521900968066,222.72372632490595,36.798174643160046,0,CLOSED
156,684.4715290345224,2022-07-05T00:00:00,294.0594571150853,2025-12-04T18:51:42.926666,1,13.666666666666668,20300,0.5,0.2501601986889654,-390.4120719194371,-402.18914678184797,11.777074862410846,0,CLOSED
157,690.1200337055287,2022-07-07T00:00:00,1345.7533307618244,2025-12-04T18:51:42.931185,1,13.333333333333336,20500,0.5,0.2025802504190073,655.6332970562956,631.0164646154429,24.61683244085272,0,CLOSED
158,745.7171838691439,2022-07-08T00:00:00,487.0388589099067,2025-12-04T18:51:42.932629,1,13.666666666666668,22100,0.5,0.3917128730485653,-258.6783249592372,-274.2269799312117,15.548654971974472,0,CLOSED
159,728.2645410886092,2022-07-09T00:00:00,377.465580466125,2025-12-04T18:51:42.937012,1,12.500000000000005,21600,0.5,0.20769301577979196,-350.79896062248423,-364.59545783833363,13.796497215849385,0,CLOSED
160,694.5416574180472,2022-07-15T00:00:00,976.8378709547553,2025-12-04T18:51:42.946040,1,13.333333333333336,20600,0.5,0.26387258265910696,282.29621353670814,260.6515188666468,21.6446946700613,0,CLOSED
161,718.545190809393,2022-07-17T00:00:00,466.9691019812546,2025-12-04T18:51:42.951025,1,13.16666666666667,21300,0.5,0.305548291250053,-251.57608882813844,-265.26711238786714,13.691023559728722,0,CLOSED
162,789.734276076319,2022-07-20T00:00:00,1175.3414243785812,2025-12-04T18:51:42.958278,1,13.500000000000002,23400,0.5,0.36661116807796124,385.6071483022622,355.1065457071188,30.500602595143405,0,CLOSED
163,805.7736975605342,2022-07-29T00:00:00,1119.5695896919506,2025-12-04T18:51:42.980045,1,12.500000000000005,23900,0.5,0.43722610168048015,313.7958921314164,290.51636968045415,23.27952245096227,0,CLOSED
164,802.0165641666476,2022-07-30T00:00:00,1165.8464866467937,2025-12-04T18:51:42.980242,1,13.500000000000002,23800,0.5,0.22154605620807835,363.829922480146,340.10195886906797,23.727963611078078,0,CLOSED
165,785.3463486274231,2022-08-08T00:00:00,1038.4862328599622,2025-12-04T18:51:43.001079,1,13.833333333333334,23300,0.5,0.23575164291073542,253.1398842325391,238.88448357319203,14.255400659347064,0,CLOSED
166,835.5504117982889,2022-08-13T00:00:00,652.7538222521241,2025-12-04T18:51:43.012662,1,13.666666666666668,24800,0.5,0.33758568154316737,-182.7965895461648,-197.08160257084242,14.28501302467762,0,CLOSED
167,827.9178711252016,2022-08-14T00:00:00,540.6769976955027,2025-12-04T18:51:43.018442,1,12.833333333333337,24600,0.5,0.2624498793499047,-287.2408734296989,-300.38757509686377,13.146701667164837,0,CLOSED
168,837.9381290385652,2022-08-15T00:00:00,400.7224498578047,2025-12-04T18:51:43.018663,1,13.833333333333334,24900,0.5,0.2640357247072928,-437.2156791807605,-449.5815807497097,12.365901568949187,0,CLOSED
169,717.8338626843262,2022-09-10T00:00:00,980.5872662048192,2025-12-04T18:51:43.077178,1,12.166666666666673,21300,0.5,0.3992818423036536,262.75340352049307,246.58701894701773,16.166384573475344,0,CLOSED
170,725.8990633823239,2022-09-11T00:00:00,1072.0511813414498,2025-12-04T18:51:43.078102,1,12.833333333333337,21500,0.5,0.3033259223175666,346.1521179591259,328.30452820344476,17.847589755681142,0,CLOSED
171,660.388472461028,2022-10-04T00:00:00,909.6436483301641,2025-12-04T18:51:43.122369,1,13.500000000000002,19600,0.5,0.2858389597014894,249.2551758691361,235.67134299288904,13.583832876247058,0,CLOSED
173,685.9106964538308,2022-10-06T00:00:00,490.29093253009444,2025-12-04T18:51:43.127905,1,13.500000000000002,20400,0.5,0.3622203028660784,-195.6197639237364,-205.9864288061582,10.366664882421787,0,CLOSED
172,680.3218341694362,2022-10-05T00:00:00,368.48457203661275,2025-12-04T18:51:43.130059,1,11.500000000000009,20200,0.5,0.2896429373076643,-311.83726213282347,-321.04732485000517,9.210062717181694,0,CLOSED
174,658.6911916623727,2022-10-18T00:00:00,516.1962867269235,2025-12-04T18:51:43.151174,1,13.333333333333336,19500,0.5,0.3997190665808792,-142.4949049354492,-150.33937710469732,7.844472169248112,0,CLOSED
175,653.4369332757473,2022-10-24T00:00:00,1089.3999547280193,2025-12-04T18:51:43.167121,1,12.33333333333334,19400,0.5,0.2419181253260745,435.9630214522721,424.8272143111939,11.135807141078129,0,CLOSED
176,682.388762980028,2022-10-26T00:00:00,955.1046358316636,2025-12-04T18:51:43.169118,1,13.500000000000002,20300,0.5,0.3955523539389407,272.7158728516356,260.1849111687207,12.530961682914917,0,CLOSED
177,699.3770712478473,2022-10-27T00:00:00,446.29372296099723,2025-12-04T18:51:43.172104,1,13.16666666666667,20800,0.5,0.3021792216588465,-253.08334828685008,-262.47487268940097,9.391524402550887,0,CLOSED
178,722.6032318374267,2022-11-05T00:00:00,474.7065426091742,2025-12-04T18:51:43.196217,1,12.166666666666673,21400,0.5,0.46522483748036336,-247.8966892282525,-256.78626631513464,8.889577086882152,0,CLOSED
179,715.5024182042993,2022-11-06T00:00:00,567.6365158980824,2025-12-04T18:51:43.196443,1,13.16666666666667,21200,0.5,0.27788399343725145,-147.86590230621687,-156.52496413409807,8.659061827881214,0,CLOSED
180,563.1343163943435,2022-11-24T00:00:00,443.44147582970356,2025-12-04T18:51:43.235344,1,12.833333333333337,16700,0.5,0.29668048030944205,-119.69284056463994,-128.65116685849637,8.95832629385642,0,CLOSED
181,577.9239434608075,2022-12-01T00:00:00,453.29757691388926,2025-12-04T18:51:43.247087,1,13.333333333333336,17200,0.5,0.36661227876787894,-124.62636654691829,-132.1467016837667,7.52033513684843,0,CLOSED
182,579.4706019610712,2022-12-05T00:00:00,442.268083661439,2025-12-04T18:51:43.257790,1,13.333333333333336,17200,0.5,0.2559441792140679,-137.20251829963223,-143.53681327841937,6.334294978787142,0,CLOSED
183,599.1761769273926,2022-12-14T00:00:00,413.1388704379146,2025-12-04T18:51:43.279791,1,12.500000000000005,17800,0.5,0.4110521281682007,-186.037306489478,-192.453076207569,6.415769718091013,0,CLOSED
184,568.1870711245075,2023-01-04T00:00:00,751.7851505443139,2025-12-04T18:51:43.340258,1,8.50000000000002,16900,0.5,0.3014070816545382,183.59807941980637,178.16475491680595,5.433324503000425,0,CLOSED
186,570.9501647415362,2023-01-08T00:00:00,754.6595821786755,2025-12-04T18:51:43.340695,1,12.500000000000005,16900,0.5,0.27043705103572935,183.70941743713922,178.60063016378106,5.108787273358158,0,CLOSED
185,571.2345612065084,2023-01-07T00:00:00,787.0709218821873,2025-12-04T18:51:43.344501,1,10.333333333333346,17000,0.5,0.3010481183077248,215.83636067567897,209.93732443082695,5.899036244852033,0,CLOSED
187,586.8588447228968,2023-01-11T00:00:00,857.9554590523418,2025-12-04T18:51:43.348096,1,13.16666666666667,17400,0.5,0.29369380542080414,271.09661432944495,263.94341941206443,7.153194917380532,0,CLOSED
188,614.1036217120718,2023-01-12T00:00:00,956.2267324745102,2025-12-04T18:51:43.350821,1,13.333333333333336,18200,0.5,0.4505277280560114,342.1231107624384,331.01376438787423,11.109346374564154,0,CLOSED
189,636.063139752089,2023-01-13T00:00:00,866.4912970407975,2025-12-04T18:51:43.354029,1,13.333333333333336,18900,0.5,0.41874173835314443,230.42815728870846,218.37045440229386,12.057702886414603,0,CLOSED
191,698.1559186541751,2023-01-15T00:00:00,1001.7842927638858,2025-12-04T18:51:43.363231,1,12.33333333333334,20700,0.5,0.30014338443248684,303.62837410971065,285.69290238214387,17.935471727566796,0,CLOSED
190,706.5173095094128,2023-01-14T00:00:00,544.4761261256255,2025-12-04T18:51:43.370464,1,9.166666666666684,21000,0.5,0.5146934331692745,-162.04118338378737,-174.99379989183296,12.952616508045589,0,CLOSED
192,710.1716692992512,2023-01-16T00:00:00,498.2011142554187,2025-12-04T18:51:43.370771,1,11.166666666666677,21100,0.5,0.35554967353805667,-211.97055504383252,-224.51052870114142,12.539973657308916,0,CLOSED
193,759.7614495842826,2023-01-21T00:00:00,1008.5259154180983,2025-12-04T18:51:43.378104,1,13.500000000000002,22500,0.5,0.4215249663095565,248.76446583381573,231.59591637924,17.16854945457571,0,CLOSED
194,622.5897406668129,2023-01-22T00:00:00,970.9505487574636,2025-12-04T18:51:43.402692,1,13.500000000000002,23200,0.5,0.25925326516240477,348.3608080906507,321.2777573341082,27.083050756542562,1,CLOSED
195,798.6499704681437,2023-01-30T00:00:00,486.6703624059335,2025-12-04T18:51:43.404886,1,13.666666666666668,23700,0.5,0.21487422902053982,-311.9796080622102,-322.16270580177655,10.18309773956635,0,CLOSED
196,803.6087126228014,2023-02-02T00:00:00,630.9776439935924,2025-12-04T18:51:43.415450,1,12.833333333333337,23800,0.5,0.3469742643329309,-172.63106862920893,-184.70190854849795,12.070839919289039,0,CLOSED
197,833.3901443374631,2023-02-16T00:00:00,241.5036607173202,2025-12-04T18:51:43.446568,1,13.16666666666667,24700,0.5,0.5430377872110269,-591.8864836201428,-601.9556416314823,10.069158011339496,0,CLOSED
198,803.2730978371234,2023-02-17T00:00:00,1164.7922566248963,2025-12-04T18:51:43.448480,1,13.333333333333336,23800,0.5,0.21099410840715388,361.5191587877729,339.5607167325526,21.95844205522031,0,CLOSED
200,831.680732883904,2023-02-19T00:00:00,616.7992256431329,2025-12-04T18:51:43.453841,1,13.16666666666667,24700,0.5,0.32702948798185716,-214.88150724077116,-228.5450960739997,13.663588833228548,0,CLOSED
199,829.254264940462,2023-02-18T00:00:00,629.3073264505923,2025-12-04T18:51:43.458944,1,10.000000000000014,24600,0.5,0.36763567917920215,-199.9469384898697,-215.71780044036316,15.770861950493462,0,CLOSED
201,749.1225282708135,2023-03-13T00:00:00,1639.3511636784751,2025-12-04T18:51:43.503483,1,13.500000000000002,22200,0.5,0.3130721217201561,890.2286354076616,857.7849187228562,32.44371668480545,0,CLOSED
202,821.3194687826827,2023-03-14T00:00:00,1567.9401719526475,2025-12-04T18:51:43.506624,1,13.500000000000002,24400,0.5,0.47423051020017337,746.6207031699647,711.9615348385353,34.659168331429385,0,CLOSED
203,832.892450523762,2023-03-15T00:00:00,624.9596739147785,2025-12-04T18:51:43.510755,1,13.16666666666667,24700,0.5,0.26603669304581457,-207.93277660898354,-232.9908340198461,25.058057410862553,0,CLOSED
204,868.7456119805262,2023-03-17T00:00:00,1427.3436248643031,2025-12-04T18:51:43.515016,1,13.666666666666668,25800,0.5,0.2987578971585551,558.598012883777,525.6329113586276,32.965101525149365,0,CLOSED
205,920.1620667165223,2023-03-18T00:00:00,723.0636799779663,2025-12-04T18:51:43.518888,1,13.16666666666667,27300,0.5,0.4004240476436466,-197.09838673855597,-220.76432166350827,23.665934924952285,0,CLOSED
206,916.4949023465074,2023-03-19T00:00:00,1443.607071412498,2025-12-04T18:51:43.520976,1,13.333333333333336,27200,0.5,0.25209072044743475,527.1121690659907,496.22440830384835,30.88776076214233,0,CLOSED
207,948.6893234991621,2023-03-22T00:00:00,181.5163161423036,2025-12-04T18:51:43.529030,1,13.333333333333336,28200,0.5,0.3177629089669178,-767.1730073568585,-780.9357528441896,13.762745487331005,0,CLOSED
208,959.9789196631779,2023-03-30T00:00:00,702.1507041909882,2025-12-04T18:51:43.548301,1,13.333333333333336,28500,0.5,0.3866057586574083,-257.82821547218964,-274.50338476228734,16.67516929009772,0,CLOSED
209,961.7284296704477,2023-04-01T00:00:00,682.7442596801287,2025-12-04T18:51:43.557038,1,12.33333333333334,28500,0.5,0.3449418146558071,-278.98416999031895,-293.1505796504838,14.166409660164849,0,CLOSED
210,959.554683704173,2023-04-02T00:00:00,680.6073880893391,2025-12-04T18:51:43.557290,1,13.333333333333336,28500,0.5,0.3163352761457824,-278.94729561483393,-291.4453312888937,12.498035674059814,0,CLOSED
211,952.8781060300505,2023-04-10T00:00:00,1388.5473201672155,2025-12-04T18:51:43.576062,1,13.333333333333336,28300,0.5,0.2735952830033177,435.669214137165,421.54299487512645,14.126219262038529,0,CLOSED
213,1008.2609479570277,2023-04-12T00:00:00,1402.7378026722681,2025-12-04T18:51:43.589294,1,12.000000000000007,29900,0.5,0.34570199823919623,394.4768547152404,377.05526076639046,17.421593948849917,0,CLOSED
214,1013.3197680146436,2023-04-13T00:00:00,1329.2413816456913,2025-12-04T18:51:43.590353,1,12.833333333333337,30100,0.5,0.31934881017001093,315.92161363104765,299.1661783572421,16.755435273805563,0,CLOSED
212,1014.794990436028,2023-04-11T00:00:00,1364.7097876580583,2025-12-04T18:51:43.591128,1,10.666666666666679,30100,0.5,0.5256954602196107,349.9147972220303,333.2452932231421,16.66950399888823,0,CLOSED
215,1034.1679832803975,2023-04-14T00:00:00,802.177110210092,2025-12-04T18:51:43.591901,1,13.500000000000002,30700,0.5,0.38779362144405294,-231.9908730703055,-245.23269581334364,13.241822743038131,0,CLOSED
216,991.3615978251712,2023-04-28T00:00:00,570.9033142668322,2025-12-04T18:51:43.631385,1,11.00000000000001,29400,0.5,0.32303887311843427,-420.45828355833896,-437.801280646827,17.34299708848804,0,CLOSED
217,988.8417912314957,2023-04-29T00:00:00,618.4265671844951,2025-12-04T18:51:43.631703,1,12.000000000000007,29300,0.5,0.33005682931105823,-370.4152240470006,-386.068062888322,15.65283884132141,0,CLOSED
218,980.4554651411776,2023-05-04T00:00:00,717.7999017011116,2025-12-04T18:51:43.648809,1,11.500000000000009,29100,0.5,0.28242417630631567,-262.655563440066,-277.5052160589921,14.84965261892616,0,CLOSED
219,983.8712553845702,2023-05-05T00:00:00,671.2531369441817,2025-12-04T18:51:43.649079,1,12.500000000000005,29200,0.5,0.3067232874326046,-312.61811844038846,-326.84032202149945,14.222203581111,0,CLOSED
220,917.6436079733915,2023-05-15T00:00:00,635.5620023076577,2025-12-04T18:51:43.673480,1,11.666666666666675,27200,0.5,0.2541788806063734,-282.0816056657337,-293.3757763868666,11.294170721132918,0,CLOSED
221,916.1080692401233,2023-05-28T00:00:00,1347.7757694038173,2025-12-04T18:51:43.699386,1,13.16666666666667,27200,0.5,0.2742839801676571,431.667700163694,417.7125093652783,13.955190798415696,0,CLOSED
222,941.9787125987812,2023-05-29T00:00:00,525.0242513384916,2025-12-04T18:51:43.707138,1,11.833333333333341,28000,0.5,0.34250352722169697,-416.9544612602896,-427.0865482746115,10.132087014321923,0,CLOSED
223,884.9366666510416,2023-06-17T00:00:00,1182.311824344884,2025-12-04T18:51:43.754433,1,11.00000000000001,26300,0.5,0.20206463079267906,297.3751576938423,282.8364373941393,14.53872029970303,0,CLOSED
224,894.5835699634703,2023-06-18T00:00:00,1179.6734092045274,2025-12-04T18:51:43.756110,1,11.500000000000009,26500,0.5,0.3038288404765107,285.0898392410571,270.98093611211,14.108903128947116,0,CLOSED
225,906.3122284424842,2023-06-20T00:00:00,1446.8845664014436,2025-12-04T18:51:43.756673,1,13.333333333333336,26900,0.5,0.2382069123683423,540.5723379589595,523.6009720924524,16.97136586650703,0,CLOSED
226,967.45847929942,2023-06-21T00:00:00,1542.3863591730628,2025-12-04T18:51:43.758477,1,13.500000000000002,28700,0.5,0.5217138943412732,574.9278798736428,553.3577736025729,21.570106271069918,0,CLOSED
227,1020.8623396638594,2023-06-22T00:00:00,795.263439723019,2025-12-04T18:51:43.760636,1,13.500000000000002,30300,0.5,0.510137890117267,-225.5988999408404,-242.93052939780483,17.33162945696445,0,CLOSED
228,1011.1561309274556,2023-06-23T00:00:00,1629.256010816439,2025-12-04T18:51:43.763668,1,13.500000000000002,30000,0.5,0.3007099296963529,618.0998798889833,593.3890737923394,24.710806096643893,0,CLOSED
229,1035.486518075938,2023-06-24T00:00:00,806.4485184776096,2025-12-04T18:51:43.775064,1,11.333333333333343,30700,0.5,0.2286549849575639,-229.03799959832838,-245.71470184912727,16.676702250798897,0,CLOSED
230,1036.1082141397694,2023-06-25T00:00:00,807.1120699489757,2025-12-04T18:51:43.775315,1,12.33333333333334,30700,0.5,0.23807956494413698,-228.99614419079376,-244.49770065873392,15.501556467940159,0,CLOSED
232,1051.1781941195711,2023-07-04T00:00:00,798.6413379842993,2025-12-04T18:51:43.795151,1,13.333333333333336,31200,0.5,0.3707576639741621,-252.53685613527182,-264.776167836559,12.2393117012872,0,CLOSED
231,1036.3841865388363,2023-07-03T00:00:00,813.422629093593,2025-12-04T18:51:43.797993,1,11.500000000000009,30800,0.5,0.23629185337722525,-222.96155744524333,-234.63152979055957,11.669972345316225,0,CLOSED
233,1030.712094483294,2023-07-12T00:00:00,1532.7499262146584,2025-12-04T18:51:43.819553,1,12.33333333333334,30600,0.5,0.3159933852358448,502.03783173136435,485.2342310452457,16.8036006861187,0,CLOSED
234,1060.0844535575814,2023-07-14T00:00:00,366.72222187748525,2025-12-04T18:51:43.822150,1,13.333333333333336,31500,0.5,0.3775006172142953,-693.3622316800961,-704.1942407832179,10.832009103121731,0,CLOSED
235,991.4111313326961,2023-07-31T00:00:00,707.9982328921444,2025-12-04T18:51:43.864340,1,13.000000000000004,29400,0.5,0.3039502078583158,-283.41289844055166,-290.7755286431394,7.362630202587731,0,CLOSED
236,983.7651121541599,2023-08-08T00:00:00,1324.9924634335262,2025-12-04T18:51:43.881266,1,13.333333333333336,29200,0.5,0.20379791479785064,341.2273512793663,330.51238874336065,10.714962536005682,0,CLOSED
237,1001.318506762925,2023-08-09T00:00:00,740.9540179822164,2025-12-04T18:51:43.903488,1,7.3333333333333535,29700,0.5,0.29888508057209473,-260.3644887807086,-268.6927599288681,8.328271148159528,0,CLOSED
238,922.9787373927106,2023-08-30T00:00:00,683.1163535416123,2025-12-04T18:51:43.942737,1,12.500000000000005,27400,0.5,0.33882672175750894,-239.86238385109834,-251.2260545642746,11.363670713176239,0,CLOSED
239,884.6212696235369,2023-09-08T00:00:00,653.5813454653169,2025-12-04T18:51:43.961731,1,13.666666666666668,26300,0.5,0.21243259681082366,-231.03992415822006,-239.93332184511254,8.893397686892484,0,CLOSED
240,885.0552774989923,2023-09-14T00:00:00,1332.6066935961508,2025-12-04T18:51:43.988601,1,9.666666666666682,26300,0.5,0.2367358163717138,447.5514160971585,433.4802919303473,14.071124166811234,0,CLOSED
241,896.839197850347,2023-09-15T00:00:00,1194.4183823931323,2025-12-04T18:51:43.988874,1,10.666666666666679,26600,0.5,0.20113995690892836,297.57918454278536,284.60243808519834,12.976746457587037,0,CLOSED
242,908.3835377673471,2023-09-29T00:00:00,1403.7746929093807,2025-12-04T18:51:44.020966,1,11.166666666666677,27000,0.5,0.26462314040659607,495.39115514203365,481.7013089459023,13.689846196131327,0,CLOSED
243,911.307362561854,2023-10-01T00:00:00,1406.7675236079492,2025-12-04T18:51:44.021225,1,13.16666666666667,27000,0.5,0.2266790693556286,495.4601610460952,482.8917662358683,12.56839481022687,0,CLOSED
244,947.7593066231866,2023-10-02T00:00:00,644.1480665622338,2025-12-04T18:51:44.024319,1,13.16666666666667,28100,0.5,0.4907987827871504,-303.6112400609528,-313.9833353931184,10.372095332165602,0,CLOSED
245,940.1395705302757,2023-10-07T00:00:00,723.6843326517859,2025-12-04T18:51:44.044342,1,11.666666666666675,27900,0.5,0.21960008719592222,-216.4552378784898,-226.77302088237533,10.317783003885525,0,CLOSED
246,945.6812580455994,2023-10-08T00:00:00,629.2603162058946,2025-12-04T18:51:44.044644,1,12.666666666666671,28100,0.5,0.3291844818777344,-316.4209418397048,-325.08532052618875,8.664378686483946,0,CLOSED
247,940.8579748707033,2023-10-09T00:00:00,724.4718779162481,2025-12-04T18:51:44.044852,1,13.666666666666668,27900,0.5,0.2590326770555461,-216.38609695445518,-225.32948767480536,8.943390720350191,0,CLOSED
248,917.7487403158932,2023-10-16T00:00:00,1241.4614600624016,2025-12-04T18:51:44.058225,1,13.833333333333334,27200,0.5,0.20034040218373447,323.71271974650836,313.3564521802791,10.356267566229246,0,CLOSED
249,952.5930356398057,2023-10-17T00:00:00,1419.3360502602536,2025-12-04T18:51:44.071927,1,11.00000000000001,28300,0.5,0.2178258510403822,466.74301462044787,448.38061575045487,18.362398869993,0,CLOSED
250,960.8294133570047,2023-10-18T00:00:00,1327.6012518795953,2025-12-04T18:51:44.072218,1,12.000000000000007,28500,0.5,0.2784874529349959,366.77183852259066,349.66951968020675,17.10231884238391,0,CLOSED
251,985.1230715781386,2023-10-20T00:00:00,1304.2345483060471,2025-12-04T18:51:44.073527,1,13.666666666666668,29200,0.5,0.4605451315795921,319.11147672790855,301.3101320695278,17.801344658380724,0,CLOSED
252,997.5586776679487,2023-10-21T00:00:00,1564.9584872782043,2025-12-04T18:51:44.081244,1,12.000000000000007,29600,0.5,0.2708513168922785,567.3998096102556,548.129362366863,19.270447243392585,0,CLOSED
253,1007.7669607323247,2023-10-22T00:00:00,1425.1881711174208,2025-12-04T18:51:44.081477,1,13.000000000000004,29900,0.5,0.29626905200317644,417.42121038509606,399.6254282864524,17.79578209864366,0,CLOSED
254,1035.7116091169348,2023-10-23T00:00:00,1361.980844350419,2025-12-04T18:51:44.083164,1,13.333333333333336,30700,0.5,0.4327669081111134,326.2692352334841,307.6618152872195,18.607419946264606,0,CLOSED
256,1145.6524084374157,2023-10-25T00:00:00,1564.520040976617,2025-12-04T18:51:44.087667,1,13.500000000000002,34000,0.5,0.31217083750940167,418.8676325392014,383.2722170855271,35.59541545367432,0,CLOSED
257,1172.4038721271602,2023-10-26T00:00:00,822.6814588466848,2025-12-04T18:51:44.089929,1,13.666666666666668,34800,0.5,0.3363079874202781,-349.7224132804754,-373.93237374037375,24.209960459898358,0,CLOSED
255,916.160390508901,2023-10-24T00:00:00,1576.0195674149459,2025-12-04T18:51:44.111212,1,12.33333333333334,34100,0.5,0.5340958325367466,659.8591769060449,618.8608263743834,40.998350531661615,1,CLOSED
258,1198.632706768123,2023-11-02T00:00:00,717.5590011404859,2025-12-04T18:51:44.113357,1,13.500000000000002,35600,0.5,0.33963227066937995,-481.0737056276371,-496.43399330245904,15.360287674821947,0,CLOSED
259,1178.6407135610118,2023-11-06T00:00:00,1896.6610411916818,2025-12-04T18:51:44.126762,1,11.00000000000001,35000,0.5,0.22764215096976448,718.02032763067,694.8928880959476,23.12743953472242,0,CLOSED
260,1227.8369214869347,2023-11-09T00:00:00,1639.657832276693,2025-12-04T18:51:44.132962,1,12.33333333333334,36400,0.5,0.4181765053584421,411.8209107897583,387.7786765536372,24.042234236121097,0,CLOSED
261,1237.773949629151,2023-11-10T00:00:00,959.9831360640792,2025-12-04T18:51:44.145978,1,9.500000000000016,36700,0.5,0.22504265686989247,-277.79081356507186,-296.2869376885233,18.49612412345147,0,CLOSED
263,1262.4257991325899,2023-11-21T00:00:00,998.8029771671635,2025-12-04T18:51:44.164343,1,13.500000000000002,37500,0.5,0.3280502652217898,-263.6228219654264,-280.56120970029355,16.93838773486715,0,CLOSED
262,1250.6145848077012,2023-11-20T00:00:00,570.261216107084,2025-12-04T18:51:44.165589,1,12.166666666666673,37100,0.5,0.3585039279537413,-680.3533687006172,-694.4710472900658,14.117678589448579,0,CLOSED
264,1257.3979796375065,2023-11-24T00:00:00,1716.8199129541263,2025-12-04T18:51:44.172282,1,13.500000000000002,37300,0.5,0.2609276335506303,459.42193331661974,436.1315500099878,23.290383306631966,0,CLOSED
266,1281.9086417963683,2023-12-01T00:00:00,1686.5808964502892,2025-12-04T18:51:44.191426,1,12.500000000000005,38000,0.5,0.307935916254514,404.67225465392085,386.71300645539964,17.959248198521227,0,CLOSED
265,1282.2048319536082,2023-11-30T00:00:00,1940.9506505814766,2025-12-04T18:51:44.192062,1,11.333333333333343,38100,0.5,0.2874985477587666,658.7458186278684,637.9260639880862,20.819754639782172,0,CLOSED
267,1306.8175937912451,2023-12-02T00:00:00,1785.8035214234108,2025-12-04T18:51:44.194411,1,12.500000000000005,38800,0.5,0.3685524023120348,478.9859276321656,460.33425147091515,18.65167616125047,0,CLOSED
268,1326.9962642988237,2023-12-03T00:00:00,1980.6691203210028,2025-12-04T18:51:44.195995,1,13.000000000000004,39400,0.5,0.44014695158841133,653.6728560221791,632.6099558139637,21.062900208215424,0,CLOSED
269,1371.76714192323,2023-12-04T00:00:00,1818.5419095478208,2025-12-04T18:51:44.196909,1,13.666666666666668,40700,0.5,0.5137975793122863,446.7747676245908,424.7405611867466,22.03420643784421,0,CLOSED
270,1409.5143703582035,2023-12-05T00:00:00,2415.4403990655965,2025-12-04T18:51:44.199656,1,13.333333333333336,41800,0.5,0.32189290421302974,1005.926028707393,974.2183303688262,31.707698338566885,0,CLOSED
272,1480.170380734625,2023-12-07T00:00:00,1122.8546492422913,2025-12-04T18:51:44.205161,1,13.666666666666668,43900,0.5,0.30866554952300485,-357.3157314923337,-378.9524517404303,21.636720248096623,0,CLOSED
271,1473.7418075607623,2023-12-06T00:00:00,776.9092360354516,2025-12-04T18:51:44.218023,1,9.000000000000018,43700,0.5,0.42857242406554585,-696.8325715253106,-716.8792555219649,20.04668399665421,0,CLOSED
273,1442.0632762041653,2023-12-15T00:00:00,995.5412515786313,2025-12-04T18:51:44.228697,1,13.500000000000002,42800,0.5,0.28822737207777027,-446.52202462553396,-471.1050870072255,24.58306238169152,0,CLOSED
274,1470.8206784673453,2023-12-21T00:00:00,1165.0359227880233,2025-12-04T18:51:44.256767,1,10.16666666666668,43600,0.5,0.3318986254606734,-305.78475567932196,-326.37244968851354,20.58769400919156,0,CLOSED
275,1482.9051694902107,2023-12-22T00:00:00,977.1837481404108,2025-12-04T18:51:44.257035,1,11.166666666666677,44000,0.5,0.3666634016361495,-505.7214213497999,-524.6802841324487,18.958862782648787,0,CLOSED
276,1529.8905655598749,2024-01-02T00:00:00,679.9190700922634,2025-12-04T18:51:44.280248,1,12.666666666666671,45400,0.5,0.5038140878693981,-849.9714954676115,-867.9888609889546,18.01736552134306,0,CLOSED
277,1525.1835344944755,2024-01-03T00:00:00,725.2672811756368,2025-12-04T18:51:44.280469,1,13.666666666666668,45300,0.5,0.32146132440668174,-799.9162533188387,-818.9021258841223,18.985872565283593,0,CLOSED
278,1480.313926817656,2024-01-06T00:00:00,2010.3875376957544,2025-12-04T18:51:44.292892,1,11.500000000000009,43900,0.5,0.2749596732201675,530.0736108780984,495.58694133591695,34.486669542181446,0,CLOSED
279,1480.62763903198,2024-01-07T00:00:00,2010.7603718315793,2025-12-04T18:51:44.293082,1,12.500000000000005,43900,0.5,0.29473255138948795,530.1327327995994,498.4487567602979,31.683976039301438,0,CLOSED
280,1581.263215153162,2024-01-09T00:00:00,1184.8151052064002,2025-12-04T18:51:44.295923,1,13.16666666666667,46900,0.5,0.44999089384387636,-396.44810994676186,-426.2417957516489,29.79368580488707,0,CLOSED
281,1566.9490423664088,2024-01-11T00:00:00,546.5068077107308,2025-12-04T18:51:44.302666,1,12.500000000000005,46500,0.5,0.3010304399589855,-1020.442234655678,-1048.1357736678349,27.6935390121569,0,CLOSED
282,1350.125716611807,2024-01-26T00:00:00,1943.6802295926555,2025-12-04T18:51:44.336574,1,13.666666666666668,40100,0.5,0.23041923412852042,593.5545129808484,565.6683457555557,27.886167225292603,0,CLOSED
283,1409.0096003291417,2024-01-27T00:00:00,2005.6210079057723,2025-12-04T18:51:44.349113,1,11.333333333333343,41800,0.5,0.27446803620881743,596.6114075766307,570.1714639787714,26.439943597859305,0,CLOSED
284,1423.0548769321892,2024-01-28T00:00:00,1973.0546696250726,2025-12-04T18:51:44.350054,1,12.166666666666673,42200,0.5,0.46938407216288014,549.9997926928834,525.9284181825165,24.071374510366944,0,CLOSED
285,1426.403274648337,2024-01-29T00:00:00,1926.4509522046171,2025-12-04T18:51:44.350288,1,13.16666666666667,42300,0.5,0.26874143576167564,500.0476775562802,476.0423450448096,24.005332511470534,0,CLOSED
286,1466.4516209260776,2024-01-30T00:00:00,1039.0737890030491,2025-12-04T18:51:44.354510,1,12.666666666666671,43500,0.5,0.4242334906922588,-427.37783192302845,-445.89450223439474,18.516670311366305,0,CLOSED
287,1454.8004638533948,2024-02-03T00:00:00,1144.853171513858,2025-12-04T18:51:44.364813,1,12.166666666666673,43200,0.5,0.28696647520259255,-309.94729233953694,-328.1525615989108,18.205269259373857,0,CLOSED
288,1500.8649410382611,2024-02-08T00:00:00,2279.8658530780363,2025-12-04T18:51:44.376801,1,13.000000000000004,44500,0.5,0.4577972781134457,779.0009120397751,753.4093164508065,25.591595588968616,0,CLOSED
289,1552.0748376782526,2024-02-09T00:00:00,2090.6938976475512,2025-12-04T18:51:44.378206,1,13.666666666666668,46100,0.5,0.5030838853012115,538.6190599692986,512.5982178494312,26.02084211986742,0,CLOSED
290,1596.4150770535657,2024-02-10T00:00:00,2154.7530976127214,2025-12-04T18:51:44.383568,1,13.000000000000004,47400,0.5,0.37890681907473045,558.3380205591557,529.5513668459837,28.786653713171965,0,CLOSED
291,1634.929569411219,2024-02-11T00:00:00,2342.3021146106225,2025-12-04T18:51:44.388447,1,12.500000000000005,48500,0.5,0.4980855445841964,707.3725451994035,675.6775972778016,31.694947921601837,0,CLOSED
292,1622.306612095669,2024-02-12T00:00:00,2529.757996126502,2025-12-04T18:51:44.388659,1,13.500000000000002,48100,0.5,0.2061681311133039,907.451384030833,874.556360996482,32.89502303435098,0,CLOSED
293,1677.7366287917177,2024-02-13T00:00:00,1139.957337083194,2025-12-04T18:51:44.391384,1,13.500000000000002,49800,0.5,0.3342193307362026,-537.7792917085237,-562.1358065545704,24.35651484604668,0,CLOSED
294,1763.7743095864469,2024-02-15T00:00:00,1104.3317719045629,2025-12-04T18:51:44.404820,1,11.500000000000009,52300,0.5,0.4713352276417305,-659.442537681884,-683.6515914325205,24.209053750636453,0,CLOSED
295,1761.6490862397884,2024-02-16T00:00:00,1102.279331989653,2025-12-04T18:51:44.405135,1,12.500000000000005,52300,0.5,0.32487579418891166,-659.3697542501354,-683.4185814276234,24.048827177487997,0,CLOSED
296,1875.7901248207888,2024-02-27T00:00:00,2693.9340257367357,2025-12-04T18:51:44.429129,1,13.333333333333336,55700,0.5,0.4894092012673724,818.1439009159469,779.3340227677356,38.80987814821129,0,CLOSED
297,1917.8700188323178,2024-02-28T00:00:00,2586.7118367264316,2025-12-04T18:51:44.430868,1,13.833333333333334,56900,0.5,0.3677772699579325,668.8418178941138,630.4549952976927,38.386822596421055,0,CLOSED
299,2059.040852240583,2024-03-01T00:00:00,2872.0167520526347,2025-12-04T18:51:44.446995,1,11.333333333333343,61100,0.5,0.22958409629231266,812.9758998120519,759.3357142287223,53.640185583329654,0,CLOSED
298,2074.386804619451,2024-02-29T00:00:00,2829.2157362542057,2025-12-04T18:51:44.447821,1,10.16666666666668,61600,0.5,0.40215586226795685,754.8289316347546,703.7368435941389,51.09208804061559,0,CLOSED
300,2099.5282608333223,2024-03-02T00:00:00,2980.8206936128067,2025-12-04T18:51:44.449270,1,11.833333333333341,62300,0.5,0.29971503802981997,881.2924327794844,829.0697537506667,52.22267902881778,0,CLOSED
301,2138.3217582537686,2024-03-04T00:00:00,3001.4095699492573,2025-12-04T18:51:44.450059,1,13.666666666666668,63500,0.5,0.32062671779096086,863.0878116954887,815.3529263463884,47.73488534910035,0,CLOSED
302,2295.1852785935753,2024-03-05T00:00:00,1307.9674982243537,2025-12-04T18:51:44.452547,1,13.833333333333334,68100,0.5,0.5174799054588243,-987.2177803692216,-1025.0992390401468,37.88145867092516,0,CLOSED
303,2262.909312482954,2024-03-08T00:00:00,3092.8524432615295,2025-12-04T18:51:44.462548,1,13.333333333333336,67200,0.5,0.26432646667740545,829.9431307785753,759.367718848479,70.57541193009644,0,CLOSED
304,2299.68036016079,2024-03-09T00:00:00,3707.486280831861,2025-12-04T18:51:44.471682,1,11.833333333333341,68200,0.5,0.21208205622957682,1407.8059206710714,1340.2535464181715,67.55237425289978,0,CLOSED
305,2329.6515018396453,2024-03-10T00:00:00,3287.4967838272573,2025-12-04T18:51:44.471950,1,12.833333333333337,69100,0.5,0.32342845756933103,957.845281987612,900.9776578084508,56.86762417916122,0,CLOSED
306,2413.292704365557,2024-03-12T00:00:00,3285.6365122872567,2025-12-04T18:51:44.479245,1,12.33333333333334,71600,0.5,0.22528906447296385,872.3438079216999,815.1802534820051,57.16355443969472,0,CLOSED
307,2428.0661572254817,2024-03-13T00:00:00,1797.789322714901,2025-12-04T18:51:44.482642,1,12.500000000000005,72100,0.5,0.3024455665273762,-630.2768345105808,-674.5917046231561,44.31487011257538,0,CLOSED
308,2468.826842516198,2024-03-14T00:00:00,1238.6197936601702,2025-12-04T18:51:44.482883,1,13.500000000000002,73300,0.5,0.26602726858817316,-1230.207048856028,-1266.6922622787686,36.48521342274062,0,CLOSED
309,2269.443354961955,2024-03-25T00:00:00,3463.438059262508,2025-12-04T18:51:44.507298,1,13.500000000000002,67400,0.5,0.4031744701588488,1193.9947043005532,1127.7355292677485,66.25917503280468,0,CLOSED
310,2372.9956796622832,2024-03-26T00:00:00,1607.7695475160472,2025-12-04T18:51:44.514394,1,12.500000000000005,70400,0.5,0.41129067954591003,-765.2261321462361,-810.657282862512,45.431150716276015,0,CLOSED
311,2371.8122668838682,2024-03-27T00:00:00,1606.6716591747156,2025-12-04T18:51:44.514639,1,13.500000000000002,70400,0.5,0.30139258130391344,-765.1406077091526,-809.006533345968,43.865925636815405,0,CLOSED
312,2286.762897501181,2024-04-05T00:00:00,1800.0881113325488,2025-12-04T18:51:44.535258,1,13.833333333333334,67900,0.5,0.24603911597770967,-486.6747861686324,-528.6014775031232,41.92669133449077,0,CLOSED
313,2284.2026553911587,2024-04-06T00:00:00,3086.128758437506,2025-12-04T18:51:44.539561,1,13.000000000000004,67800,0.5,0.23805975180409736,801.9261030463472,750.3583765689897,51.56772647735747,0,CLOSED
314,2338.791950309831,2024-04-07T00:00:00,3838.6452909663426,2025-12-04T18:51:44.543995,1,12.666666666666671,69400,0.5,0.2795224989094307,1499.8533406565116,1445.0585739706353,54.79476668587641,0,CLOSED
315,2340.5070901282056,2024-04-08T00:00:00,3790.437589268476,2025-12-04T18:51:44.544233,1,13.666666666666668,69500,0.5,0.26835170689007093,1449.9304991402705,1397.6382566180662,52.29224252220439,0,CLOSED
316,2402.0381523157084,2024-04-09T00:00:00,1381.8785655303616,2025-12-04T18:51:44.547880,1,13.500000000000002,71300,0.5,0.26586443664136084,-1020.1595867853468,-1054.194395787137,34.034809001790116,0,CLOSED
317,2391.668801111218,2024-04-12T00:00:00,1563.1619941395409,2025-12-04T18:51:44.556382,1,13.500000000000002,71000,0.5,0.365801241149034,-828.506806971677,-864.9520475389076,36.44524056723057,0,CLOSED
318,2195.9855002653394,2024-04-21T00:00:00,3003.5604809897304,2025-12-04T18:51:44.583029,1,12.166666666666673,65200,0.5,0.2891171409031824,807.574980724391,751.8852857391643,55.68969498522678,0,CLOSED
319,2213.9624569078364,2024-04-22T00:00:00,1666.8473431684547,2025-12-04T18:51:44.590288,1,11.500000000000009,65700,0.5,0.27621036817994293,-547.1151137393817,-585.3391834651002,38.22406972571841,0,CLOSED
320,2238.6116107101857,2024-04-23T00:00:00,1341.5722939864288,2025-12-04T18:51:44.590582,1,12.500000000000005,66400,0.5,0.23913366343640216,-897.0393167237569,-929.9416647685667,32.90234804480989,0,CLOSED
321,2244.445444831115,2024-04-24T00:00:00,1247.484278929337,2025-12-04T18:51:44.590786,1,13.500000000000002,66600,0.5,0.3027762299729716,-996.9611659017778,-1026.5123347065648,29.551168804786997,0,CLOSED
322,2113.5644394451915,2024-05-04T00:00:00,2975.912817293046,2025-12-04T18:51:44.619660,1,12.500000000000005,62700,0.5,0.40356728972053724,862.3483778478544,808.86746616798,53.48091167987451,0,CLOSED
323,2130.814567681356,2024-05-05T00:00:00,1684.7332661588548,2025-12-04T18:51:44.628606,1,11.166666666666677,63200,0.5,0.2824012438098058,-446.08130152250124,-484.9139149316546,38.83261340915334,0,CLOSED
324,2152.0654532973963,2024-05-06T00:00:00,1356.0621495709165,2025-12-04T18:51:44.628907,1,12.166666666666673,63900,0.5,0.23435753719413005,-796.0033037264798,-829.0257926463104,33.022488919830586,0,CLOSED
326,2209.9536124246915,2024-05-17T00:00:00,3005.5117680533695,2025-12-04T18:51:44.654225,1,13.500000000000002,65600,0.5,0.26221999840527277,795.5581556286779,752.1096015794103,43.44855404926767,0,CLOSED
328,2263.3851037253016,2024-05-19T00:00:00,1678.3307393791476,2025-12-04T18:51:44.661829,1,13.333333333333336,67200,0.5,0.32642488762056987,-585.054364346154,-611.5847659892137,26.530401643059676,0,CLOSED
325,2223.1241340241045,2024-05-16T00:00:00,2930.725169050426,2025-12-04T18:51:44.664243,1,9.500000000000016,66000,0.5,0.43616622824074525,707.6010350263214,669.1263136444769,38.474721381844496,0,CLOSED
327,2255.7980530081045,2024-05-18T00:00:00,3803.6079161416137,2025-12-04T18:51:44.664897,1,11.333333333333343,66900,0.5,0.3171615145679285,1547.8098631335092,1501.7332859394426,46.07657719406658,0,CLOSED
329,2402.0044560520864,2024-05-21T00:00:00,1663.3305652987974,2025-12-04T18:51:44.666820,1,13.500000000000002,71300,0.5,0.4997942417843342,-738.673890753289,-772.8774295611909,34.20353880790188,0,CLOSED
330,2357.2463830078564,2024-05-22T00:00:00,1393.0417579640805,2025-12-04T18:51:44.671399,1,12.500000000000005,70000,0.5,0.25306337888860847,-964.2046250437759,-996.2236314338527,32.019006390076754,0,CLOSED
332,2320.7772538520762,2024-05-27T00:00:00,3055.607421410421,2025-12-04T18:51:44.683225,1,13.500000000000002,68900,0.5,0.24745551825362283,734.8301675583448,696.9006193266839,37.929548231660895,0,CLOSED
331,2327.5229088666247,2024-05-26T00:00:00,1800.4386200654828,2025-12-04T18:51:44.685103,1,12.000000000000007,69100,0.5,0.2733115020586215,-527.0842888011418,-558.9370133904831,31.85272458934123,0,CLOSED
333,2330.777967932539,2024-06-04T00:00:00,3202.4280278681886,2025-12-04T18:51:44.703806,1,13.000000000000004,69200,0.5,0.2475775200662527,871.6500599356496,833.4597392579711,38.19032067767842,0,CLOSED
334,2390.6683590442717,2024-06-05T00:00:00,1565.814114053403,2025-12-04T18:51:44.712203,1,11.333333333333343,70900,0.5,0.44288934731386487,-824.8542449908687,-853.446020490385,28.591775499516306,0,CLOSED
335,2394.119530364467,2024-06-06T00:00:00,1519.361594390964,2025-12-04T18:51:44.712492,1,12.33333333333334,71000,0.5,0.28018658342047964,-874.7579359735032,-902.4585741494465,27.700638175943233,0,CLOSED
336,2392.08697174277,2024-06-07T00:00:00,1517.41775453003,2025-12-04T18:51:44.712709,1,13.333333333333336,71000,0.5,0.22865764983300726,-874.66921721274,-901.2602992748193,26.59108206207935,0,CLOSED
337,2137.6131258297914,2024-07-01T00:00:00,1409.6489756308918,2025-12-04T18:51:44.775092,1,12.500000000000005,63400,0.5,0.3793396292641851,-727.9641501988997,-751.8639720011674,23.8998218022678,0,CLOSED
338,2127.537269081451,2024-07-02T00:00:00,1549.654218350039,2025-12-04T18:51:44.775339,1,13.500000000000002,63100,0.5,0.2508127654017121,-577.8830507314121,-602.3463925729064,24.463341841494262,0,CLOSED
339,1960.4489545080933,2024-07-10T00:00:00,1547.597089300831,2025-12-04T18:51:44.798747,1,12.33333333333334,58200,0.5,0.3002593358809996,-412.85186520726234,-450.76826617318,37.916400965917646,0,CLOSED
340,2003.7870670032794,2024-07-14T00:00:00,2650.9108619343874,2025-12-04T18:51:44.807980,1,13.16666666666667,59500,0.5,0.37500654263897737,647.123794931108,607.5351303642344,39.58866456687363,0,CLOSED
341,2110.9991428956255,2024-07-15T00:00:00,3171.1542204190578,2025-12-04T18:51:44.811419,1,13.16666666666667,62600,0.5,0.4937850932708677,1060.1550775234323,1013.1580349946242,46.99704252880808,0,CLOSED
342,2181.9051795481246,2024-07-16T00:00:00,1227.4735663100703,2025-12-04T18:51:44.812679,1,13.833333333333334,64800,0.5,0.5251453630239457,-954.4316132380543,-985.0496996527378,30.618086414683436,0,CLOSED
343,2213.9004557827716,2024-07-17T00:00:00,1723.7741373732804,2025-12-04T18:51:44.815843,1,13.666666666666668,65700,0.5,0.44543045155352934,-490.1263184094912,-529.2937387843214,39.16742037483017,0,CLOSED
344,2185.7108355616274,2024-07-18T00:00:00,1502.797542986175,2025-12-04T18:51:44.818582,1,13.500000000000002,64900,0.5,0.2612002703729866,-682.9132925754525,-717.8457987985369,34.93250622308441,0,CLOSED
345,2244.2388867351096,2024-07-20T00:00:00,3024.776606706947,2025-12-04T18:51:44.828421,1,12.166666666666673,66600,0.5,0.22144536159818923,780.5377199718373,736.4368009835586,44.10091898827878,0,CLOSED
347,2287.30271164441,2024-07-22T00:00:00,1623.1831093985131,2025-12-04T18:51:44.833766,1,12.833333333333337,67900,0.5,0.2968536989707584,-664.1196022458969,-695.7891482725188,31.66954602662193,0,CLOSED
346,2263.4228435405585,2024-07-21T00:00:00,1429.200599027293,2025-12-04T18:51:44.835048,1,11.333333333333343,67200,0.5,0.3907608033024166,-834.2222445132654,-864.1767369895875,29.954492476322116,0,CLOSED
348,2284.5392810647454,2024-07-27T00:00:00,3056.1878862002536,2025-12-04T18:51:44.847059,1,12.000000000000007,67800,0.5,0.38663125931334386,771.6486051355082,727.5711743995752,44.07743073593302,0,CLOSED
349,2336.7573699123163,2024-07-29T00:00:00,1736.6443805800118,2025-12-04T18:51:44.848523,1,13.500000000000002,69300,0.5,0.35281801894565656,-600.1129893323046,-634.8227801586713,34.70979082636677,0,CLOSED
350,1922.3630786237152,2024-08-08T00:00:00,3134.668956814157,2025-12-04T18:51:44.867654,1,13.500000000000002,57000,0.5,0.2600382611990725,1212.3058781904417,1129.3689013508745,82.93697683956718,0,CLOSED
351,2067.5484848799415,2024-08-09T00:00:00,1270.80162757981,2025-12-04T18:51:44.870950,1,13.500000000000002,61400,0.5,0.32791014636362775,-796.7468573001315,-847.489593203106,50.74273590297443,0,CLOSED
352,2058.336600330877,2024-08-11T00:00:00,1570.1194562043622,2025-12-04T18:51:44.876891,1,13.500000000000002,61100,0.5,0.35805146163354584,-488.21714412651477,-527.2723122614748,39.05516813496001,0,CLOSED
353,1999.4493469871802,2024-08-18T00:00:00,1561.2919219183857,2025-12-04T18:51:44.894133,1,13.16666666666667,59300,0.5,0.20836367085831842,-438.1574250687945,-471.52968597193393,33.372260903139406,0,CLOSED
354,2040.2716964403253,2024-08-22T00:00:00,3602.809724991147,2025-12-04T18:51:44.907014,1,12.33333333333334,60500,0.5,0.22732869057507965,1562.5380285508218,1507.2913058726465,55.246722678175225,0,CLOSED
355,2150.900236501337,2024-08-24T00:00:00,1665.7596244135016,2025-12-04T18:51:44.916632,1,11.166666666666677,63800,0.5,0.384582973271707,-485.1406120878355,-517.7828796277969,32.64226753996139,0,CLOSED
356,2159.9645314157365,2024-08-25T00:00:00,1524.9088150105445,2025-12-04T18:51:44.916836,1,12.166666666666673,64100,0.5,0.257888025621965,-635.055716405192,-663.7436418362008,28.687925431008786,0,CLOSED
357,1904.6725402220075,2024-09-10T00:00:00,2628.951399509013,2025-12-04T18:51:44.948047,1,13.333333333333336,56500,0.5,0.2698102869458443,724.2788592870054,682.5337889656529,41.74507032135246,0,CLOSED
358,1962.225084563625,2024-09-12T00:00:00,2694.077554504051,2025-12-04T18:51:44.954631,1,12.500000000000005,58200,0.5,0.36826064116138657,731.8524699404261,689.9240730604707,41.92839687995534,0,CLOSED
359,2032.8743556873217,2024-09-14T00:00:00,1446.9392929454527,2025-12-04T18:51:44.960572,1,12.166666666666673,60300,0.5,0.4281056037549471,-585.9350627418689,-612.9695030154426,27.03444027357365,0,CLOSED
360,2027.0300757246698,2024-09-15T00:00:00,1491.1743640649834,2025-12-04T18:51:44.960753,1,13.16666666666667,60200,0.5,0.3695873335081894,-535.8557116596864,-560.6647739086625,24.809062248976076,0,CLOSED
361,2093.144166727441,2024-09-19T00:00:00,2912.303691085743,2025-12-04T18:51:44.970476,1,13.000000000000004,62100,0.5,0.41638465175335726,819.159524358302,772.3471503899333,46.812373968368696,0,CLOSED
362,2147.8726272148733,2024-09-20T00:00:00,1700.4810977885293,2025-12-04T18:51:44.972562,1,13.333333333333336,63700,0.5,0.4792191090156982,-447.39152942634405,-481.558746367249,34.16721694090496,0,CLOSED
363,2168.489349149542,2024-09-23T00:00:00,1684.0589567512804,2025-12-04T18:51:44.978785,1,13.666666666666668,64400,0.5,0.2629136798514566,-484.43039239826135,-514.4778602823436,30.047467884082252,0,CLOSED
364,2172.0611530935057,2024-09-25T00:00:00,1667.9258856025847,2025-12-04T18:51:44.983369,1,13.500000000000002,64500,0.5,0.3738227020103543,-504.135267490921,-532.9388117795846,28.80354428866359,0,CLOSED
366,2226.1018728404065,2024-09-28T00:00:00,1450.8119879391343,2025-12-04T18:51:44.998882,1,12.000000000000007,66100,0.5,0.3757340313829237,-775.2898849012722,-799.5042882029834,24.214403301711148,0,CLOSED
367,2217.7505908642556,2024-09-29T00:00:00,1592.5482361806583,2025-12-04T18:51:44.999203,1,13.000000000000004,65800,0.5,0.3185255063133728,-625.2023546835974,-648.085110676123,22.88275599252559,0,CLOSED
365,2202.5903048979467,2024-09-27T00:00:00,1410.0751602974442,2025-12-04T18:51:45.000426,1,10.666666666666679,65400,0.5,0.3498190453231208,-792.5151446005025,-817.8394638309765,25.32431923047402,0,CLOSED
368,2140.7408130192134,2024-10-07T00:00:00,1500.7829074419944,2025-12-04T18:51:45.016597,1,13.16666666666667,63500,0.5,0.3303153884551019,-639.957905577219,-665.4028880501097,25.44498247289078,0,CLOSED
369,2113.170530123447,2024-10-13T00:00:00,2911.225663770463,2025-12-04T18:51:45.032565,1,13.000000000000004,62700,0.5,0.25407146608236336,798.0551336470162,762.5972666797383,35.45786696727791,0,CLOSED
370,2166.6694139513015,2024-10-14T00:00:00,2949.716688790277,2025-12-04T18:51:45.034167,1,13.500000000000002,64300,0.5,0.3858616070847136,783.0472748389757,745.1509915707104,37.89628326826529,0,CLOSED
371,2203.7356408984683,2024-10-15T00:00:00,2986.826617596366,2025-12-04T18:51:45.037564,1,13.333333333333336,65400,0.5,0.2866708510981979,783.0909766978975,740.2468010579673,42.8441756399302,0,CLOSED
372,2260.883830076618,2024-10-16T00:00:00,3076.349931852016,2025-12-04T18:51:45.046159,1,11.500000000000009,67100,0.5,0.4722968520627242,815.4661017753983,772.4451756742459,43.02092610115241,0,CLOSED
373,2277.9145956366015,2024-10-17T00:00:00,2991.538447290974,2025-12-04T18:51:45.056840,1,10.16666666666668,67600,0.5,0.2692453970214232,713.6238516543726,679.1540432057963,34.46980844857635,0,CLOSED
374,2276.364567509975,2024-10-18T00:00:00,2990.0990873668725,2025-12-04T18:51:45.057157,1,11.166666666666677,67600,0.5,0.22181838696376535,713.7345198568974,679.7746019593317,33.95991789756572,0,CLOSED
375,2306.509581909122,2024-10-19T00:00:00,1724.759009445622,2025-12-04T18:51:45.059997,1,11.500000000000009,68500,0.5,0.2547255418461667,-581.7505724635,-608.8461278990178,27.09555543551782,0,CLOSED
376,2323.0200771587774,2024-10-21T00:00:00,1541.4344836618818,2025-12-04T18:51:45.060226,1,13.500000000000002,68900,0.5,0.2852751420048841,-781.5855934968956,-804.083722081814,22.498128584918348,0,CLOSED
377,2291.615496425429,2024-10-25T00:00:00,1714.5301014566273,2025-12-04T18:51:45.071921,1,13.333333333333336,68000,0.5,0.2589220358685937,-577.0853949688014,-605.9030211727559,28.81762620395449,0,CLOSED
378,2390.3502663156773,2024-10-29T00:00:00,3139.197424416182,2025-12-04T18:51:45.079728,1,13.500000000000002,70900,0.5,0.47991392814159517,748.8471581005047,709.9078113008349,38.93934679966977,0,CLOSED
379,2434.015906493272,2024-10-30T00:00:00,1641.732750655688,2025-12-04T18:51:45.086419,1,12.500000000000005,72200,0.5,0.32324696033739597,-792.2831558375838,-822.3370250818641,30.05386924428033,0,CLOSED
380,2438.050697099406,2024-10-31T00:00:00,1545.8535894721142,2025-12-04T18:51:45.086636,1,13.500000000000002,72400,0.5,0.3463848735187537,-892.1971076272919,-921.0173744154695,28.820266788177577,0,CLOSED
381,2505.2676668105355,2024-11-06T00:00:00,3382.764730148794,2025-12-04T18:51:45.106955,1,12.500000000000005,74300,0.5,0.3837415496814408,877.4970633382586,818.0032547372433,59.49380860101532,0,CLOSED
382,2528.837529289062,2024-11-07T00:00:00,3482.7437080699297,2025-12-04T18:51:45.110076,1,12.33333333333334,75000,0.5,0.333110714694388,953.9061787808678,896.0026334353557,57.90354534551201,0,CLOSED
383,2557.236066344665,2024-11-08T00:00:00,4020.9812667320375,2025-12-04T18:51:45.114247,1,11.833333333333341,75900,0.5,0.3203768336619829,1463.7452003873727,1406.728762472562,57.01643791481061,0,CLOSED
384,2572.422298433963,2024-11-09T00:00:00,3836.242036687772,2025-12-04T18:51:45.114423,1,12.833333333333337,76300,0.5,0.2352515644892447,1263.8197382538087,1211.1344507206866,52.685287533122164,0,CLOSED
385,2601.5523813728064,2024-11-10T00:00:00,3921.2421563454272,2025-12-04T18:51:45.114929,1,13.666666666666668,77200,0.5,0.3181769930335358,1319.6897749726209,1268.9405011891388,50.74927378348205,0,CLOSED
386,2750.027216883841,2024-11-11T00:00:00,3977.3273256710904,2025-12-04T18:51:45.117530,1,13.500000000000002,81600,0.5,0.4863070634411749,1227.3001087872494,1164.2132765837114,63.08683220353802,0,CLOSED
387,2966.87042343398,2024-11-12T00:00:00,2280.185993699829,2025-12-04T18:51:45.120645,1,13.500000000000002,88000,0.5,0.47936858302298524,-686.6844297341509,-748.7728564172347,62.088426683083824,0,CLOSED
388,2936.1576269927973,2024-11-13T00:00:00,5653.61342681631,2025-12-04T18:51:45.123881,1,13.500000000000002,87100,0.5,0.2675306708982581,2717.4557998235123,2602.414235327165,115.04156449634709,0,CLOSED
389,3030.541535324134,2024-11-14T00:00:00,2051.8014599967505,2025-12-04T18:51:45.127042,1,13.500000000000002,89900,0.5,0.21672025893977054,-978.7400753273837,-1050.6488519386662,71.90877661128243,0,CLOSED
390,3055.192373939665,2024-11-18T00:00:00,4316.251245621246,2025-12-04T18:51:45.142192,1,12.33333333333334,90700,0.5,0.20216032647769316,1261.0588716815814,1187.8301149423332,73.22875673924813,0,CLOSED
391,3228.0387060408007,2024-11-21T00:00:00,4312.639720369342,2025-12-04T18:51:45.146714,1,13.666666666666668,95800,0.5,0.426049529155083,1084.6010143285416,1014.7451302112936,69.85588411724804,0,CLOSED
392,3330.420759505527,2024-11-22T00:00:00,2567.1934839849064,2025-12-04T18:51:45.157428,1,11.666666666666675,98800,0.5,0.3986177097539696,-763.2272755206204,-814.231930208306,51.0046546876856,0,CLOSED
393,3324.698123054552,2024-11-23T00:00:00,2611.606139355958,2025-12-04T18:51:45.157688,1,12.666666666666671,98700,0.5,0.22876087766185157,-713.091983698594,-760.9607098415674,47.86872614297339,0,CLOSED
394,3254.7342339329325,2024-11-29T00:00:00,3119.9776061679995,2025-12-04T18:51:45.174779,1,12.000000000000007,96600,0.5,0.39056799428520683,-134.756627764933,-187.0494487472686,52.2928209823356,0,CLOSED
